image,~~-g~lights_tinhatlamp_s-rgb&~92bc44fe
image,~-glights_tinhatlamp_on_c
image,~~-g~static_berlin_metal_desk~00755f12
image,~~-g~static_berlin_bed_1_s-rg~33a63eb8
image,static_berlin_bed_1_n
image,~-gstatic_berlin_bed_1_c
image,~~-g~static_berlin_couch_s-rg~33a63eb8
image,~~-g~static_berlin_chair_high~ba50bb35
image,~-gstatic_berlin_chair_highback2_c
image,~~-g~static_berlin_bathub_s-r~7efcc600
image,~~-g~static_berlin_radiator_s~7a87bb48
image,~~-g~static_berlin_bookshelf_~05f2b48b
image,~-gberlin_wood_bench_ornate_dmg_c
image,~~-g~berlin_wall_metal_subway~b888ead7
image,berlin_wall_metal_subway_n
image,~-gberlin_wall_metal_subway_c
image,~~-g~static_berlin_table_wall~d3b21a8a
image,static_berlin_table_wall_2_d_n
image,~-gstatic_berlin_table_wall_2_d_c
image,~~-g~static_dlc_garbage_bin_s~a8673dfd
image,~-gstatic_dlc_garbage_bin_c
image,~~-g~berlin_terrain_trashpile~81bc13ae
image,berlin_terrain_trashpile_n
image,~-gberlin_terrain_trashpile_c
image,~~-g~static_berlin_winebottle~f9fe0d44
image,~~-g~static_berlin_bread_s-rg~33a63eb8
image,static_berlin_bread_n
image,~-gstatic_berlin_bread_c
image,~~-g~static_berlin_refrigerat~e62ac341
image,~~-g~berlin_books_s-rgb&berli~09ddee32
image,~~-g~static_berlin_desk_indus~d296e294
image,static_berlin_desk_industrial_n
image,~-gstatic_berlin_desk_industrial_c
image,~~-g~berlin_wall_wood_subway_~ac483368
image,~~-g~static_berlin_ac_unit_s-~67e1103c
image,static_berlin_ac_unit_n
image,~-gstatic_berlin_ac_unit_c
image,~~-g~static_berlin_potspans_s~a8673dfd
image,~~-g~static_berlin_pots_s-rgb~0f579107
image,~~-g~static_berlin_cans_food_~ac483368
image,~~-g~static_okinawa_cigarette~7c26a8e5
image,static_okinawa_cigarettes_jpn_n
image,~-gstatic_okinawa_cigarettes_jpn_c
image,~~-g~static_berlin_bowls_s-rg~33a63eb8
image,static_berlin_bowls_n
image,~-gstatic_berlin_bowls_c
image,~~-g~static_berlin_ger_knife_~a5a6a474
image,static_berlin_ger_knife_n
image,~-gstatic_berlin_ger_knife_c
image,~~-g~static_berlin_bed_2_s-rg~33a63eb8
image,static_berlin_bed_2_n
image,~-gstatic_berlin_bed_2_c
image,~~-g~glass_v2_off_s-rgb&$whit~2fc9e118
image,~~-g~static_makin_table_jap_b~e0aff5f9
image,~~-g~lanternbody_s-rgb&lanter~e4be48f7
image,preview_zombie_apment
image,~~-g~lights_tinhatlamp_s-rgb&~92bc44fe
image,~-glights_tinhatlamp_on_c
image,~~-g~static_berlin_metal_desk~00755f12
image,~~-g~static_berlin_bed_1_s-rg~33a63eb8
image,static_berlin_bed_1_n
image,~-gstatic_berlin_bed_1_c
image,~~-g~static_berlin_couch_s-rg~33a63eb8
image,~~-g~static_berlin_chair_high~ba50bb35
image,~-gstatic_berlin_chair_highback2_c
image,~~-g~static_berlin_bathub_s-r~7efcc600
image,~~-g~static_berlin_radiator_s~7a87bb48
image,~~-g~static_berlin_bookshelf_~05f2b48b
image,~-gberlin_wood_bench_ornate_dmg_c
image,~~-g~berlin_wall_metal_subway~b888ead7
image,berlin_wall_metal_subway_n
image,~-gberlin_wall_metal_subway_c
image,~~-g~static_berlin_table_wall~d3b21a8a
image,static_berlin_table_wall_2_d_n
image,~-gstatic_berlin_table_wall_2_d_c
image,~~-g~static_dlc_garbage_bin_s~a8673dfd
image,~-gstatic_dlc_garbage_bin_c
image,~~-g~berlin_terrain_trashpile~81bc13ae
image,berlin_terrain_trashpile_n
image,~-gberlin_terrain_trashpile_c
image,~~-g~static_berlin_winebottle~f9fe0d44
image,~~-g~static_berlin_bread_s-rg~33a63eb8
image,static_berlin_bread_n
image,~-gstatic_berlin_bread_c
image,~~-g~static_berlin_refrigerat~e62ac341
image,~~-g~berlin_books_s-rgb&berli~09ddee32
image,~~-g~static_berlin_desk_indus~d296e294
image,static_berlin_desk_industrial_n
image,~-gstatic_berlin_desk_industrial_c
image,~~-g~berlin_wall_wood_subway_~ac483368
image,~~-g~static_berlin_ac_unit_s-~67e1103c
image,static_berlin_ac_unit_n
image,~-gstatic_berlin_ac_unit_c
image,~~-g~static_berlin_potspans_s~a8673dfd
image,~~-g~static_berlin_pots_s-rgb~0f579107
image,~~-g~static_berlin_cans_food_~ac483368
image,~~-g~static_okinawa_cigarette~7c26a8e5
image,static_okinawa_cigarettes_jpn_n
image,~-gstatic_okinawa_cigarettes_jpn_c
image,~~-g~static_berlin_bowls_s-rg~33a63eb8
image,static_berlin_bowls_n
image,~-gstatic_berlin_bowls_c
image,~~-g~static_berlin_ger_knife_~a5a6a474
image,static_berlin_ger_knife_n
image,~-gstatic_berlin_ger_knife_c
image,~~-g~static_berlin_bed_2_s-rg~33a63eb8
image,static_berlin_bed_2_n
image,~-gstatic_berlin_bed_2_c
image,~~-g~glass_v2_off_s-rgb&$whit~2fc9e118
image,~~-g~static_makin_table_jap_b~e0aff5f9
image,~~-g~lanternbody_s-rgb&lanter~e4be48f7
